searge,name,side,desc
func_233684_eK_,isEntitySleeping,2,
func_70045_F,,0,
func_70046_E,,0,
func_70072_I,,0,
func_70074_a,,0,
func_70077_a,,0,
func_70114_g,,0,
func_70184_a,,0,
func_70449_g,,0,
func_70653_a,,0,
func_70675_k,,0,
func_70900_e,,0,
func_70901_n,,0,
func_70904_g,,0,
func_70906_o,,0,
func_70907_r,,0,
func_70916_h,,0,
func_70919_bu,,0,
func_71193_K,,0,
func_71194_c,,0,
func_71198_k,,0,
func_71201_j,,0,
func_71220_V,,0,
func_71221_J,,0,
func_71223_ag,,0,
func_71225_e,,0,
func_71236_h,,0,
func_71237_c,,0,
func_71239_B,,0,
func_71244_g,,0,
func_71246_n,,0,
func_71247_a,,0,
func_71251_e,,0,
func_71254_M,,0,
func_71256_s,,0,
func_71257_f,,0,
func_71268_U,,0,
func_71270_I,,0,
func_71371_a,,0,
func_71389_H,,0,
func_72368_a,,0,
func_72601_a,,0,
func_72602_a,,0,
func_72603_d,,0,
func_72604_a,,0,
func_72605_a,,0,
func_72606_c,,0,
func_72607_a,,0,
func_72608_b,,0,
func_72609_b,,0,
func_72610_d,,0,
func_72611_e,,0,
func_72612_a,,0,
func_72646_f,,0,
func_72826_c,,0,
func_72829_c,,0,
func_72853_d,,0,
func_72875_a,,0,
func_72940_L,,0,
func_72974_f,,0,
func_73047_i,,0,
func_73052_b,,0,
func_73833_a,,0,
func_74275_a,,0,
func_74793_a,,0,
func_74805_b,,0,
func_74990_a,,0,
func_75270_a,,0,
func_75752_b,,0,
func_75753_a,,0,
func_75755_a,,0,
func_75757_d,,0,
func_75761_a,,0,
func_75762_c,,0,
func_75765_b,,0,
func_75801_b,,0,
func_75802_e,,0,
func_75803_c,,0,
func_75805_a,,0,
func_75806_a,,0,
func_76057_l,,0,
func_76060_a,,0,
func_76062_a,,0,
func_76063_b,,0,
func_76064_a,,0,
func_76067_t,,0,
func_76072_h,,0,
func_76078_e,,0,
func_76082_a,,0,
func_76085_a,,0,
func_76088_k,,0,
func_76089_r,,0,
func_76229_l,,0,
func_76362_a,,0,
func_76559_b,,0,
func_76560_a,,0,
func_76561_g,,0,
func_76562_b,,0,
func_76563_a,,0,
func_76565_k,,0,
func_76567_e,,0,
func_76568_b,,0,
func_76569_d,,0,
func_76571_f,,0,
func_76690_a,,0,
func_76741_f,,0,
func_76747_a,,0,
func_76932_a,,0,
func_77124_a,,0,
func_77125_e,,0,
func_77126_d,,0,
func_77128_b,,0,
func_77129_f,,0,
func_77130_a,,0,
func_77131_c,,0,
func_77132_a,,0,
func_77158_f,,0,
func_77159_a,,0,
func_77160_d,,0,
func_77162_e,,0,
func_77163_i,,0,
func_77164_g,,0,
func_77165_h,,0,
func_77166_b,,0,
func_77167_c,,0,
func_78013_b,,0,
func_78024_c,,0,
func_78172_a,,0,
func_78259_e,,0,
func_78262_a,,0,
func_78269_a,,0,
func_78271_c,,0,
func_78273_d,,0,
func_78275_b,,0,
func_78279_b,,0,
func_78280_d,,0,
func_78863_b,,0,
func_82245_bX,,0,
func_82644_b,,0,
func_82647_a,,0,
func_82649_e,,0,
func_82651_a,,0,
func_82738_a,,0,
func_82747_f,,0,
func_82768_a,,0,
func_82842_a,,0,
func_85052_h,,0,
func_85188_a,,0,
func_90011_a,,0,
func_110140_aT,,0,
func_110145_l,,0,
func_110147_ax,,0,
func_110202_bQ,,0,
func_110212_cp,,0,
func_110230_cF,,0,
func_110232_cE,,0,
func_110235_q,,0,
func_110247_cG,,0,
func_110251_o,,0,
func_110264_co,,0,
func_110326_a,,0,
func_111108_a,,0,
func_111112_a,,0,
func_111116_f,,0,
func_111117_a,,0,
func_111131_f,,0,
func_111146_a,,0,
func_111147_b,,0,
func_111148_a,,0,
func_111150_b,,0,
func_111151_a,,0,
func_111152_a,,0,
func_111160_c,,0,
func_111161_b,,0,
func_111165_e,,0,
func_111168_a,,0,
func_111257_a,,0,
func_111258_a,,0,
func_111259_a,,0,
func_111261_a,,0,
func_111262_a,,0,
func_111282_a,,0,
func_130001_d,,0,
func_135021_a,,0,
func_135023_a,,0,
func_135026_c,,0,
func_135028_a,,0,
func_135043_a,,0,
func_135051_a,,0,
func_135063_a,,0,
func_135064_c,,0,
func_145835_a,,0,
func_145839_a,,0,
func_146230_a,,0,
func_146237_a,,0,
func_146318_a,,0,
func_146521_a,,0,
func_146527_c,,0,
func_146793_a,,0,
func_146976_a,,0,
func_146977_a,,0,
func_146979_b,,0,
func_147044_g,,0,
func_147051_a,,0,
func_147052_b,,0,
func_147109_W,,0,
func_147135_j,,0,
func_147271_a,,0,
func_147292_a,,0,
func_147470_e,,0,
func_148297_b,,0,
func_148334_a,,0,
func_148537_a,,0,
func_148539_a,,0,
func_148544_a,,0,
func_148633_c,,0,
func_148634_b,,0,
func_148747_b,,0,
func_149052_c,,0,
func_149053_g,,0,
func_149080_f,,0,
func_149102_b,,0,
func_149104_a,,0,
func_149108_a,,0,
func_149109_c,,0,
func_149110_b,,0,
func_149111_d,,0,
func_149138_c,,0,
func_149196_i,,0,
func_149390_c,,0,
func_149483_b,,0,
func_149484_f,,0,
func_149485_a,,0,
func_149486_e,,0,
func_149490_a,,0,
func_149491_c,,0,
func_149492_b,,0,
func_149493_d,,0,
func_149494_c,,0,
func_149688_o,,0,
func_149716_u,,0,
func_149750_m,,0,
func_150206_m,,0,
func_150209_a,,0,
func_150215_a,,0,
func_150217_b,,0,
func_150218_j,,0,
func_150221_a,,0,
func_150224_n,,0,
func_150225_c,,0,
func_150227_a,,0,
func_150228_d,,0,
func_150232_l,,0,
func_150237_e,,0,
func_150238_a,,0,
func_150241_a,,0,
func_150254_d,,0,
func_150255_a,,0,
func_150257_a,,0,
func_150258_a,,0,
func_150259_f,,0,
func_150269_b,,0,
func_150272_a,,0,
func_150303_d,,0,
func_150510_c,,0,
func_150561_m,,0,
func_150699_a,,0,
func_150702_b,,0,
func_150858_a,,0,
func_150910_a,,0,
func_151357_h,,0,
func_151358_j,,0,
func_151359_c,,0,
func_151409_a,,0,
func_151461_a,,0,
func_151475_a,,0,
func_151634_b,,0,
func_152651_a,,0,
func_152653_b,,0,
func_152656_a,,0,
func_152657_b,,0,
func_152686_a,,0,
func_152689_b,,0,
func_174791_d,,0,
func_174808_Z,,0,
func_174830_Y,,0,
func_174978_c,,0,
func_175063_a,,0,
func_175085_a,,0,
func_175109_g,,0,
func_175110_d,,0,
func_175178_a,,0,
func_175180_a,,0,
func_175245_a,,0,
func_175247_a,,0,
func_175249_a,,0,
func_175266_a,,0,
func_175288_g,,0,
func_175299_g,,0,
func_175355_a,,0,
func_175358_a,,0,
func_175457_ck,,0,
func_175578_N,,0,
func_175624_G,,0,
func_175652_B,,0,
func_175694_M,,0,
func_175719_a,,0,
func_175796_a,,0,
func_175926_c,,0,
func_176118_b,,0,
func_176119_g,,0,
func_176120_C,,0,
func_176121_c,,0,
func_176122_j,,0,
func_176124_d,,0,
func_176125_f,,0,
func_176126_D,,0,
func_176127_a,,0,
func_176128_f,,0,
func_176129_e,,0,
func_176131_J,,0,
func_176132_G,,0,
func_176133_A,,0,
func_176134_F,,0,
func_176135_e,,0,
func_176136_k,,0,
func_176137_E,,0,
func_176138_H,,0,
func_176139_K,,0,
func_176140_I,,0,
func_176141_c,,0,
func_176142_i,,0,
func_176144_a,,0,
func_176145_a,,0,
func_176195_g,,0,
func_176337_b,,0,
func_176338_e,,0,
func_176339_d,,0,
func_176340_e,,0,
func_176512_a,,0,
func_176548_d,,0,
func_176741_a,,0,
func_177178_a,,0,
func_177194_a,,0,
func_177231_a,,0,
func_177232_a,,0,
func_177370_d,,0,
func_177374_g,,0,
func_177458_a,,0,
func_177495_o,,0,
func_177496_h,,0,
func_177500_n,,0,
func_177501_r,,0,
func_177721_g,,0,
func_177731_f,,0,
func_178012_a,,0,
func_178311_c,,0,
func_178412_b,,0,
func_178413_a,,0,
func_178663_a,,0,
func_178891_a,,0,
func_178908_a,,0,
func_178909_a,,0,
func_179399_a,,0,
func_179400_b,,0,
func_179800_a,,0,
func_179844_a,,0,
func_179989_a,,0,
func_179997_b,,0,
func_180088_c,,0,
func_180089_b,,0,
func_180090_a,,0,
func_180120_a,,0,
func_180372_d,,0,
func_180376_c,,0,
func_180425_c,,0,
func_180470_cg,,0,
func_180504_m,,0,
func_180626_a,,0,
func_180659_g,,0,
func_180783_e,,0,
func_180794_a,,0,
func_181012_aH,,0,
func_181014_aG,,0,
func_181089_f,,0,
func_181100_a,,0,
func_181101_b,,0,
func_181160_c,,0,
func_181558_a,,0,
func_184051_a,,0,
func_184052_a,,0,
func_184189_br,,0,
func_184412_n,,0,
func_184432_b,,0,
func_184538_a,,0,
func_184541_a,,0,
func_184547_a,,0,
func_184549_a,,0,
func_184567_a,,0,
func_184645_a,,0,
func_184823_b,,0,
func_184861_a,,0,
func_184870_b,,0,
func_185040_i,,0,
func_185043_a,,0,
func_185045_a,,0,
func_185087_a,,0,
func_185092_a,,0,
func_185093_a,,0,
func_185094_a,,0,
func_185339_c,,0,
func_185345_c,,0,
func_185346_s,,0,
func_185353_n,,0,
func_185356_b,,0,
func_185363_b,,0,
func_185699_x,,0,
func_185886_a,,0,
func_186057_q,,0,
func_186058_p,,0,
func_186059_r,,0,
func_186060_c,,0,
func_186063_s,,0,
func_186068_a,,0,
func_186069_a,,0,
func_186253_b,,0,
func_186260_a,,0,
func_186310_f,,0,
func_186331_a,,0,
func_186340_h,,0,
func_186343_L,,0,
func_186344_K,,0,
func_186345_a,,0,
func_186346_M,,0,
func_186347_a,,0,
func_186352_b,,0,
func_186529_a,,0,
func_186531_b,,0,
func_186532_a,,0,
func_186581_a,,0,
func_186582_a,,0,
func_186583_a,,0,
func_186602_a,,0,
func_186603_b,,0,
func_186604_b,,0,
func_186605_a,,0,
func_186639_a,,0,
func_186640_a,,0,
func_186641_a,,0,
func_186815_a,,0,
func_186824_a,,0,
func_186862_a,,0,
func_186877_b,,0,
func_186887_d,,0,
func_186888_b,,0,
func_186889_c,,0,
func_186969_c,,0,
func_188027_a,,0,
func_188568_a,,0,
func_188768_a,,0,
func_189535_a,,0,
func_189547_a,,0,
func_189553_b,,0,
func_189714_c,,0,
func_189874_a,,0,
func_189962_a,,0,
func_190536_a,,0,
func_190537_j,,0,
func_190544_c,,0,
func_190619_l,,0,
func_190623_q,,0,
func_190625_o,,0,
func_190677_dK,,0,
func_190685_dA,,0,
func_190774_a,,0,
func_190949_e,,0,
func_191066_m,,0,
func_191515_a,,0,
func_191742_a,,0,
func_191795_d,,0,
func_191798_a,,0,
func_191799_a,,0,
func_191817_b,,0,
func_191819_a,,0,
func_191821_a,,0,
func_191846_c,,0,
func_191864_a,,0,
func_191876_c,,0,
func_191934_b,,0,
func_191936_c,,0,
func_191937_d,,0,
func_191948_b,,0,
func_191990_c,,0,
func_192003_a,,0,
func_192005_a,,0,
func_192059_a,,0,
func_192144_b,,0,
func_192145_a,,0,
func_192166_a,,0,
func_192208_a,,0,
func_192246_a,,0,
func_192254_a,,0,
func_192265_a,,0,
func_192270_a,,0,
func_192278_a,,0,
func_192283_a,,0,
func_192593_c,,0,
func_192594_d,,0,
func_192624_c,,0,
func_192625_d,,0,
func_192651_a,,0,
func_192709_a,,0,
func_192740_f,,0,
func_192748_e,,0,
func_192751_c,,0,
func_192810_b,,0,
func_192812_b,,0,
func_192813_a,,0,
func_192815_c,,0,
func_192991_a,,0,
func_192993_a,,0,
func_192994_a,,0,
func_192995_a,,0,
func_193015_d,,0,
func_193024_a,,0,
func_193031_aM,,0,
func_193066_d,,0,
func_193143_a,,0,
func_193190_a,,0,
func_193216_a,,0,
func_193417_a,,0,
func_193578_a,,0,
func_193653_a,,0,
func_193697_a,,0,
func_193721_a,,0,
func_193766_b,,0,
func_193837_a,,0,
func_193838_a,,0,
func_193840_a,,0,
func_193841_a,,0,
func_194156_a,,0,
func_194188_a,,0,
func_194191_a,,0,
func_194798_c,,0,
func_194799_o,,0,
func_194801_c,,0,
func_194802_a,,0,
func_194803_a,,0,
func_194804_b,,0,
func_194806_b,,0,
func_194807_n,,0,
func_194809_b,,0,
func_194810_d,,0,
func_194817_a,,0,
func_195395_a,,0,
func_195408_a,,0,
func_195449_a,,0,
func_195560_a,,0,
func_195568_a,,0,
func_195570_aG,,0,
func_195592_c,,0,
func_195622_a,,0,
func_195623_a,,0,
func_195625_a,,0,
func_195718_b,,0,
func_195730_a,,0,
func_196242_c,,0,
func_196261_e,,0,
func_196424_i,,0,
func_196425_x,,0,
func_196527_a,,0,
func_196899_f,,0,
func_196946_a,,0,
func_196959_b,,0,
func_197000_a,,0,
func_197526_a,,0,
func_197527_b,,0,
func_197665_b,,0,
func_197668_a,,0,
func_197671_a,,0,
func_197672_a,,0,
func_197676_a,,0,
func_197677_b,,0,
func_197680_a,,0,
func_197713_h,,0,
func_197714_g,,0,
func_197715_a,,0,
func_197718_i,,0,
func_197719_N,,0,
func_197720_O,,0,
func_197892_d,,0,
func_197978_k,,0,
func_198534_a,,0,
func_198671_a,,0,
func_198706_b,,0,
func_198717_a,,0,
func_198719_a,,0,
func_198722_a,,0,
func_198979_c,,0,
func_198982_a,,0,
func_198986_e,,0,
func_199592_a,,0,
func_199619_b,,0,
func_199644_c,,0,
func_199683_a,,0,
func_199685_a_,,0,
func_199709_a,,0,
func_199714_b,,0,
func_199715_b,,0,
func_199716_a,,0,
func_199717_a,,0,
func_199731_aO,,0,
func_199885_a,,0,
func_199886_b,,0,
func_199895_a,,0,
func_199902_a,,0,
func_199915_b,,0,
func_200000_g,,0,
func_200012_i,,0,
func_200039_c,,0,
func_200042_a,,0,
func_200043_b,,0,
func_200045_a,,0,
func_200048_a,,0,
func_200051_a,,0,
func_200124_e,,0,
func_200140_a,,0,
func_200160_a,,0,
func_200161_a,,0,
func_200162_a,,0,
func_200212_a,,0,
func_200245_b,,0,
func_200288_b,,0,
func_200291_n,,0,
func_200299_h,,0,
func_200426_a,,0,
func_200429_a,,0,
func_200438_a,,0,
func_200439_a,,0,
func_200510_d,,0,
func_200538_i,,0,
func_200540_a,,0,
func_200541_a,,0,
func_200570_b,,0,
func_200571_a,,0,
func_200573_a,,0,
func_200574_a,,0,
func_200575_a,,0,
func_200576_a,,0,
func_200577_a,,0,
func_200578_a,,0,
func_200951_a,,0,
func_201356_c,,0,
func_201357_P,,0,
func_201496_a_,,0,
func_201578_b,,0,
func_201583_a,,0,
func_201584_a,,0,
func_201585_a,,0,
func_201675_m,,0,
func_201783_b,,0,
func_201816_b,,0,
func_201853_g,,0,
func_201857_b,,0,
func_201858_a,,0,
func_201866_a,,0,
func_202087_b,,0,
func_202089_c,,0,
func_202092_b,,0,
func_202093_c,,0,
func_202094_a,,0,
func_202171_c,,0,
func_202172_d,,0,
func_202173_a,,0,
func_202174_b,,0,
func_202175_f,,0,
func_202176_e,,0,
func_202177_g,,0,
func_202178_h,,0,
func_202179_i,,0,
func_202198_k,,0,
func_202199_l,,0,
func_202200_j,,0,
func_202229_a,,0,
func_202234_c,,0,
func_202238_o,,0,
func_202278_a,,0,
func_202364_a,,0,
func_202366_b,,0,
func_202367_b,,0,
func_202371_a,,0,
func_202382_c,,0,
func_202385_a,,0,
func_202386_c,,0,
func_202492_e,,0,
func_202493_f,,0,
func_202496_e,,0,
func_202497_f,,0,
func_202881_c,,0,
func_202882_d,,0,
func_202883_c,,0,
func_202884_d,,0,
func_202889_b,,0,
func_203067_a,,0,
func_203222_a,,0,
func_203232_a,,0,
func_203403_c,,0,
func_203410_as,,0,
func_203432_a,,0,
func_203603_a,,0,
func_203606_a,,0,
func_203607_a,,0,
func_203608_a,,0,
func_203609_a,,0,
func_203611_a,,0,
func_203911_a,,0,
func_203944_q,,0,
func_204008_a,,0,
func_204010_a,,0,
func_204026_h,,0,
func_204030_a,,0,
func_204207_a,,0,
func_204285_b,,0,
func_204748_h,,0,
func_204823_a,,0,
func_204830_a,,0,
func_204849_b,,0,
func_204850_a,,0,
func_205011_p,,0,
func_205390_a,,0,
func_205391_j,,0,
func_205392_a,,0,
func_205393_e,,0,
func_205401_q,,0,
func_205402_s,,0,
func_205403_k,,0,
func_205412_a,,0,
func_205413_b,,0,
func_205416_a,,0,
func_205418_a,,0,
func_205432_a,,0,
func_205433_b,,0,
func_205436_a,,0,
func_205437_a,,0,
func_205441_a,,0,
func_205442_b,,0,
func_205445_a,,0,
func_205457_a,,0,
func_205481_b,,0,
func_205483_a,,0,
func_205532_l,,0,
func_205533_m,,0,
func_205538_a,,0,
func_205539_n,,0,
func_205704_c,,0,
func_206860_a,,0,
func_206861_a,,0,
func_206869_a,,0,
func_206874_a,,0,
func_206875_b,,0,
func_206893_a,,0,
func_206920_a,,0,
func_206921_a,,0,
func_206953_a,,0,
func_207511_e,,0,
func_207668_a,,0,
func_207708_e,,0,
func_207712_c,,0,
func_207744_c,,0,
func_208017_dF,,0,
func_208306_D,,0,
func_209100_b,,0,
func_209225_Q,,0,
func_209556_a,,0,
func_209581_a,,0,
func_209729_a,,0,
func_209906_a,,0,
func_209907_b,,0,
func_210501_h,,0,
func_210502_a,,0,
func_210503_a,,0,
func_210504_i,,0,
func_210506_a,,0,
func_210507_j,,0,
func_210773_k,,0,
func_210813_b,,0,
func_210835_a,,0,
func_211027_A,,0,
func_211124_b,,0,
func_211125_a,,0,
func_211126_b,,0,
func_211157_a,,0,
func_211164_a,,0,
func_211166_f,,0,
func_211184_b,,0,
func_211187_a,,0,
func_211325_a,,0,
func_211401_a,,0,
func_211403_a,,0,
func_211405_a,,0,
func_211500_ak,,0,
func_211504_a,,0,
func_211568_a,,0,
func_211623_c,,0,
func_211708_a,,0,
func_211709_a,,0,
func_211710_a,,0,
func_211726_q,,0,
func_211727_m,,0,
func_211728_o,,0,
func_211729_b,,0,
func_211730_k,,0,
func_211731_i,,0,
func_211744_a,,0,
func_211745_b,,0,
func_211888_a,,0,
func_211889_b,,0,
func_212107_bY,,0,
func_212204_b,,0,
func_212242_b,,0,
func_212245_a,,0,
func_212250_a,,0,
func_212321_a,,0,
func_212360_k,,0,
func_212364_a,,0,
func_212543_a,,0,
func_212567_a,,0,
func_212568_b,,0,
func_212638_h,,0,
func_212639_b,,0,
func_212640_c,,0,
func_212642_e,,0,
func_212643_b,,0,
func_212676_a,,0,
func_212677_a,,0,
func_212678_a,,0,
func_212679_a,,0,
func_212681_b,,0,
func_212683_a,,0,
func_212830_a_,,0,
func_212848_a_,,0,
func_212865_b_,,0,
func_212870_b_,,0,
func_212909_a,,0,
func_212985_a,,0,
func_213038_a,,0,
func_213188_a,,0,
func_213194_a,,0,
func_213197_c,,0,
func_213290_a,,0,
func_213292_aB,,0,
func_213382_a,,0,
func_213670_a,,0,
func_213822_a,,0,
func_213828_b,,0,
func_214003_a,,0,
func_214053_c,,0,
func_214056_d,,0,
func_214057_a,,0,
func_214058_b,,0,
func_214077_b,,0,
func_214078_c,,0,
func_214079_a,,0,
func_214107_a,,0,
func_214141_a,,0,
func_214192_g,,0,
func_214197_f,,0,
func_214200_d,,0,
func_214202_k,,0,
func_214207_b,,0,
func_214209_g,,0,
func_214211_i,,0,
func_214218_e,,0,
func_214219_a,,0,
func_214220_h,,0,
func_214221_c,,0,
func_214222_m,,0,
func_214223_a,,0,
func_214225_l,,0,
func_214231_i,,0,
func_214470_a,,0,
func_214554_a,,0,
func_214571_e,,0,
func_214572_g,,0,
func_214574_b,,0,
func_214576_j,,0,
func_214578_c,,0,
func_214584_a,,0,
func_214585_i,,0,
func_214587_a,,0,
func_214589_h,,0,
func_214625_a,,0,
func_214634_a,,0,
func_214635_a,,0,
func_214638_a,,0,
func_214639_a,,0,
func_214640_a,,0,
func_214641_a,,0,
func_214645_a,,0,
func_214648_a,,0,
func_214653_a,,0,
func_214657_a,,0,
func_214658_a,,0,
func_214659_a,,0,
func_214663_a,,0,
func_214664_a,,0,
func_214673_a,,0,
func_214677_a,,0,
func_214679_a,,0,
func_214682_a,,0,
func_214684_a,,0,
func_214687_a,,0,
func_214688_a,,0,
func_214691_a,,0,
func_214697_a,,0,
func_214706_a,,0,
func_214719_a,,0,
func_214720_a,,0,
func_214721_a,,0,
func_214722_a,,0,
func_214723_a,,0,
func_214724_a,,0,
func_214725_a,,0,
func_214726_a,,0,
func_214729_a,,0,
func_214732_a,,0,
func_214733_a,,0,
func_214734_a,,0,
func_214735_a,,0,
func_214736_a,,0,
func_214737_a,,0,
func_214738_b,,0,
func_214838_a,,0,
func_214839_a,,0,
func_214840_a,,0,
func_214841_a,,0,
func_214847_b,,0,
func_214851_a,,0,
func_214860_a,,0,
func_214881_a,,0,
func_214889_a,,0,
func_214894_a,,0,
func_214897_a,,0,
func_214910_a,,0,
func_214917_a,,0,
func_214926_a,,0,
func_214932_a,,0,
func_214933_a,,0,
func_214967_t,,0,
func_214968_u,,0,
func_214969_a,,0,
func_214970_b,,0,
func_214998_a,,0,
func_215001_a,,0,
func_215074_a,,0,
func_215078_k,,0,
func_215082_f,,0,
func_215084_a,,0,
func_215093_a,,0,
func_215094_a,,0,
func_215095_a,,0,
func_215105_a,,0,
func_215115_a,,0,
func_215140_a,,0,
func_215141_a,,0,
func_215172_a,,0,
func_215179_b,,0,
func_215182_a,,0,
func_215191_b,,0,
func_215193_a,,0,
func_215194_a,,0,
func_215211_a,,0,
func_215212_a,,0,
func_215213_a,,0,
func_215297_d,,0,
func_215337_a,,0,
func_215387_a,,0,
func_215455_a,,0,
func_215670_b,,0,
func_215671_a,,0,
func_215680_a,,0,
func_215681_a,,0,
func_215689_a,,0,
func_215698_a,,0,
func_215760_S,,0,
func_215761_a,,0,
func_215762_k,,0,
func_215764_j,,0,
func_215765_R,,0,
func_215779_a,,0,
func_215780_a,,0,
func_215783_a,,0,
func_215784_a,,0,
func_215793_a,,0,
func_215794_a,,0,
func_216323_a,,0,
func_216488_a,,0,
func_216500_a,,0,
func_216502_b,,0,
func_216507_a,,0,
func_216617_a,,0,
func_216720_c,,0,
func_216730_c,,0,
func_216743_c,,0,
func_216755_e,,0,
func_216756_f,,0,
func_216757_g,,0,
func_216758_e,,0,
func_216759_g,,0,
func_216760_h,,0,
func_216761_f,,0,
func_216762_h,,0,
func_216824_b,,0,
func_216863_a,,0,
func_216883_a,,0,
func_216915_a,,0,
func_216916_b,,0,
func_217365_a,,0,
func_217389_a,,0,
func_217401_a,,0,
func_217410_a,,0,
func_217426_j,,0,
func_217437_v,,0,
func_217450_l,,0,
func_217468_a,,0,
func_217471_a,,0,
func_217485_w,,0,
func_217766_a,,0,
func_217895_a,,0,
func_218012_a,,0,
func_218175_a,,0,
func_218176_a,,0,
func_218177_a,,0,
func_218179_a,,0,
func_218193_d,,0,
func_218216_a,,0,
func_218224_a,,0,
func_218229_c,,0,
func_218270_a,,0,
func_218271_a,,0,
func_218286_a,,0,
func_218349_b,,0,
func_218393_a,,0,
func_218985_a,,0,
func_219108_a,,0,
func_219136_a,,0,
func_219147_b,,0,
func_219166_a,,0,
func_219279_a,,0,
func_219497_a,,0,
func_219498_a,,0,
func_219499_a,,0,
func_219759_a,,0,
func_219779_a,,0,
func_219781_a,,0,
func_219783_a,,0,
func_219899_d,,0,
func_219936_a,,0,
func_219937_c,,0,
func_219938_b,,0,
func_219939_d,,0,
func_219996_a,,0,
func_219997_a,,0,
func_220056_d,,0,
func_220067_a,,0,
func_220081_d,,0,
func_220172_a,,0,
func_220175_a,,0,
func_220293_b,,0,
func_220294_d,,0,
func_220345_k,,0,
func_220482_a,,0,
func_220621_a,,0,
func_220624_a,,0,
func_220695_a,,0,
func_220902_a,,0,
func_220905_a,,0,
func_220914_a,,0,
func_220918_a,,0,
func_220937_a,,0,
func_220938_b,,0,
func_221038_e,,0,
func_221085_b,,0,
func_221086_a,,0,
func_221124_a,,0,
func_221131_a,,0,
func_221170_a,,0,
func_221242_a,,0,
func_221266_a,,0,
func_221267_a,,0,
func_221268_a,,0,
func_221271_a,,0,
func_222266_a,,0,
func_222268_a,,0,
func_222272_a,,0,
func_222281_af,,0,
func_222282_l,,0,
func_222283_Y,,0,
func_222284_F,,0,
func_222285_H,,0,
func_222286_ab,,0,
func_222287_ah,,0,
func_222288_h,,0,
func_222289_r,,0,
func_222290_D,,0,
func_222291_j,,0,
func_222292_ad,,0,
func_222293_t,,0,
func_222294_Q,,0,
func_222295_c,,0,
func_222296_u,,0,
func_222297_ap,,0,
func_222298_O,,0,
func_222299_R,,0,
func_222300_a,,0,
func_222301_e,,0,
func_222302_w,,0,
func_222303_T,,0,
func_222304_B,,0,
func_222305_an,,0,
func_222306_V,,0,
func_222307_p,,0,
func_222308_M,,0,
func_222309_aj,,0,
func_222310_y,,0,
func_222311_aa,,0,
func_222312_al,,0,
func_222313_n,,0,
func_222314_K,,0,
func_222315_Z,,0,
func_222316_G,,0,
func_222317_ag,,0,
func_222318_m,,0,
func_222319_X,,0,
func_222320_ai,,0,
func_222321_I,,0,
func_222322_k,,0,
func_222323_C,,0,
func_222324_ac,,0,
func_222325_s,,0,
func_222326_g,,0,
func_222327_E,,0,
func_222328_i,,0,
func_222329_ae,,0,
func_222330_v,,0,
func_222331_P,,0,
func_222332_ao,,0,
func_222333_d,,0,
func_222334_S,,0,
func_222335_f,,0,
func_222336_x,,0,
func_222337_am,,0,
func_222338_N,,0,
func_222339_L,,0,
func_222340_ak,,0,
func_222341_q,,0,
func_222342_U,,0,
func_222343_A,,0,
func_222344_J,,0,
func_222345_o,,0,
func_222346_b,,0,
func_222347_z,,0,
func_222348_W,,0,
func_222351_a,,0,
func_222357_a,,0,
func_222369_a,,0,
func_222504_a,,0,
func_222519_b,,0,
func_222520_a,,0,
func_222528_a,,0,
func_222530_f,,0,
func_222537_b,,0,
func_222539_a,,0,
func_222546_a,,0,
func_222549_a,,0,
func_222550_i,,0,
func_222574_c,,0,
func_222626_b,,0,
func_222636_a,,0,
func_222640_a,,0,
func_222676_a,,0,
func_222696_a,,0,
func_222722_a,,0,
func_222726_b,,0,
func_222734_a,,0,
func_222735_a,,0,
func_222736_a,,0,
func_222853_a,,0,
func_222933_a,,0,
func_222935_a,,0,
func_222939_a,,0,
func_223133_a,,0,
func_223308_g,,0,
func_223347_b,,0,
func_223354_c,,0,
func_223358_a,,0,
func_223359_eB,,0,
func_223439_a,,0,
func_223461_a,,0,
func_223462_a,,0,
func_223463_a,,0,
func_223507_b,,0,
func_223595_a,,0,
func_223596_a,,0,
func_224756_o,,0,
func_224783_a,,0,
func_224784_b,,0,
func_224785_c,,0,
func_225477_a,,0,
func_225489_aq,,0,
func_225543_m_,,0,
func_225545_a_,,0,
func_225552_a_,,0,
func_225558_a_,,0,
func_225565_a_,,0,
func_225569_d_,,0,
func_225575_a_,,0,
func_225577_a_,,0,
func_226258_a_,,0,
func_226259_a_,,0,
func_226265_a_,,0,
func_226296_dJ_,,0,
func_226391_a_,,0,
func_226418_eL_,,0,
func_226427_ez_,,0,
func_226453_u_,,0,
func_226560_a_,,0,
func_226662_a_,,0,
func_226667_c_,,0,
func_226701_a_,,0,
func_226711_a_,,0,
func_226840_a_,,0,
func_226850_a_,,0,
func_226851_b_,,0,
func_226914_b_,,0,
func_226967_a_,,0,
func_227013_a_,,0,
func_227056_a_,,0,
func_227057_b_,,0,
func_227058_a_,,0,
func_227076_a_,,0,
func_227174_a_,,0,
func_227222_d_,,0,
func_227264_a_,,0,
func_227269_a_,,0,
func_227271_a_,,0,
func_227282_a_,,0,
func_227283_b_,,0,
func_227284_c_,,0,
func_227287_a_,,0,
func_227300_a_,,0,
func_227352_a_,,0,
func_227353_a_,,0,
func_227354_b_,,0,
func_227355_c_,,0,
func_227356_e_,,0,
func_227357_f_,,0,
func_227358_g_,,0,
func_227359_h_,,0,
func_227360_i_,,0,
func_227361_j_,,0,
func_227362_k_,,0,
func_227376_b_,,0,
func_227392_a_,,0,
func_227400_a_,,0,
func_227432_a_,,0,
func_227498_c_,,0,
func_227661_a_,,0,
func_227678_b_,,0,
func_227693_c_,,0,
func_227730_i_,,0,
func_227735_k_,,0,
func_227752_q_,,0,
func_228080_b_,,0,
func_228091_i_,,0,
func_228114_a_,,0,
func_228181_a_,,0,
func_228329_i_,,0,
func_228331_m_,,0,
func_228364_a_,,0,
func_228389_a_,,0,
func_228394_b_,,0,
func_228635_a_,,0,
func_228784_i_,,0,
func_228807_a_,,0,
func_228826_a_,,0,
func_229128_a_,,0,
func_229129_a_,,0,
func_229167_a_,,0,
func_229681_c_,,0,
func_229739_i_,,0,
func_229869_c_,,0,
func_229870_f_,,0,
func_229979_u_,,0,
func_229983_u_,,0,
func_229984_v_,,0,
func_230023_a_,,0,
func_230518_b_,,0,
func_232980_f_,,0,
func_234441_t_,,0,
func_234922_V_,,0,
func_234928_a_,,0,
func_234932_c_,,0,
func_234936_m_,,0,
func_235677_a_,,0,
func_236133_a_,,0,
func_236134_a_,,0,
func_236135_a_,,0,
func_236137_b_,,0,
func_240966_d_,,0,
func_241379_h_,,0,
func_241380_h_,,0,
